Company Name,link,website,stars,reviews
Ricks Barbershop,https://www.google.com/maps/place/Ricks+Barbershop/data=!4m7!3m6!1s0x89e49dc40899a01f:0x94cd00e68e3dbf2e!8m2!3d42.1282506!4d-70.942194!16s%2Fg%2F11nmpk5jlp!19sChIJH6CZCMSd5IkRLr89juYAzZQ?authuser=0&hl=en&rclk=1,,4.9,48
Cultural Cuts,https://www.google.com/maps/place/Cultural+Cuts/data=!4m7!3m6!1s0x89e4851ef5d41569:0x5a6b044a126748f5!8m2!3d42.0702444!4d-71.0480063!16s%2Fg%2F1tl_0627!19sChIJaRXU9R6F5IkR9UhnEkoEa1o?authuser=0&hl=en&rclk=1,https://booksy.com/en-us/854754_cultural-cuts_barber-shop_22367_brockton?hl=en-US&gei=Le64ZviIIemJptQPxf69mAw&rwg_token=AJKvS9UtZdEilF9vnEPpWzf3fDIK0LDNh8MTQXBzJ5O93eChDec87j14qZXXQhDDy8AU4UhUJRlCSmagIZF8X69ejpfp1LaCbQ%3D%3D,4.5,61
Marvelous Cuts,https://www.google.com/maps/place/Marvelous+Cuts/data=!4m7!3m6!1s0x89e484db8a148b19:0x7d51fb1afed3aede!8m2!3d42.0852364!4d-71.0199974!16s%2Fg%2F1tf32ddx!19sChIJGYsUituE5IkR3q7T_hr7UX0?authuser=0&hl=en&rclk=1,,4.6,284
Silveira’s Barbershop,https://www.google.com/maps/place/Silveira%E2%80%99s+Barbershop/data=!4m7!3m6!1s0x89e485b3f9effa55:0x2a5a81deef761b12!8m2!3d42.0666571!4d-71.0168315!16s%2Fg%2F11hm7wkx4s!19sChIJVfrv-bOF5IkREht2796BWio?authuser=0&hl=en&rclk=1,,4.9,13
Champion Cutz,https://www.google.com/maps/place/Champion+Cutz/data=!4m7!3m6!1s0x89e4850f2f064723:0xe18f88490f1a4bc!8m2!3d42.073641!4d-71.045783!16s%2Fg%2F1td5h440!19sChIJI0cGLw-F5IkRvKTxkIT4GA4?authuser=0&hl=en&rclk=1,,4.5,52
Sodade's Barber Shop,https://www.google.com/maps/place/Sodade%27s+Barber+Shop/data=!4m7!3m6!1s0x89e48539ea6e0001:0x2d9171b3facb7c21!8m2!3d42.063148!4d-71.0150387!16s%2Fg%2F11f2645jrg!19sChIJAQBu6jmF5IkRIXzL-rNxkS0?authuser=0&hl=en&rclk=1,https://booksy.com/en-us/149379_sodade-s-barbershop_barber-shop_22367_brockton?hl=en-US&gei=Le64ZviIIemJptQPxf69mAw&rwg_token=AJKvS9UzYJPNpxLgBzTmjRxTY2UaQNZul4efNJY23AjLLlzAMeWgNedQXdt1q9YjwTD3nQt55XT7Vc9nqhF2fMNn0Zgwf9m9Ww%3D%3D,4.6,124
Eastside Cuts & Hair Salon,https://www.google.com/maps/place/Eastside+Cuts+%26+Hair+Salon/data=!4m7!3m6!1s0x89e484d31a8859bb:0x422b5e9d9bb28ab3!8m2!3d42.0801011!4d-71.003466!16s%2Fg%2F1tf6ychk!19sChIJu1mIGtOE5IkRs4qym51eK0I?authuser=0&hl=en&rclk=1,,4.7,81
Executive Cuts,https://www.google.com/maps/place/Executive+Cuts/data=!4m7!3m6!1s0x89e485584b42fb67:0xc161d80d6c85dd08!8m2!3d42.0834053!4d-71.0201942!16s%2Fg%2F11gv_7w82d!19sChIJZ_tCS1iF5IkRCN2FbA3YYcE?authuser=0&hl=en&rclk=1,,4.2,25
Chop Shop,https://www.google.com/maps/place/Chop+Shop/data=!4m7!3m6!1s0x89e48591fd73aaab:0x5444450df6a793e2!8m2!3d42.058483!4d-71.0670131!16s%2Fg%2F11fz_jcq35!19sChIJq6pz_ZGF5IkR4pOn9g1FRFQ?authuser=0&hl=en&rclk=1,https://www.google.com/maps/reserve/m/x3105FSLzpk?source=pa&opi=79508299&hl=en-US&gei=Le64ZviIIemJptQPxf69mAw&sourceurl=http://www.google.com/service/MapsSearchService/Search?hl%3Den%26gl%3Dus%26authuser%3D0%26q%3Dbarbers%26tbm%3Dmap,4.5,128
Dacada Barbershop,https://www.google.com/maps/place/Dacada+Barbershop/data=!4m7!3m6!1s0x89e4853aff230c33:0x59b90bc1d922c0c!8m2!3d42.0666767!4d-71.0167921!16s%2Fg%2F11cs1cgnwd!19sChIJMwwj_zqF5IkRDCySHbyQmwU?authuser=0&hl=en&rclk=1,,5.0,3
Uni Corte,https://www.google.com/maps/place/Uni+Corte/data=!4m7!3m6!1s0x89e4853b286900bd:0xc5632a9a3f72e1c6!8m2!3d42.0685321!4d-71.0171009!16s%2Fg%2F1263ln2kp!19sChIJvQBpKDuF5IkRxuFyP5oqY8U?authuser=0&hl=en&rclk=1,,4.6,49
Shane's Master Barbering,https://www.google.com/maps/place/Shane%27s+Master+Barbering/data=!4m7!3m6!1s0x89e484df2ceca2fd:0x226a70d5564c8d91!8m2!3d42.0811582!4d-71.0200381!16s%2Fg%2F1260xlh9d!19sChIJ_aLsLN-E5IkRkY1MVtVwaiI?authuser=0&hl=en&rclk=1,,4.4,111
Tonys barber shop,https://www.google.com/maps/place/Tonys+barber+shop/data=!4m7!3m6!1s0x89e484c41209deb5:0xa51056b8984887cb!8m2!3d42.0920711!4d-71.0194233!16s%2Fg%2F1ptw6rdc2!19sChIJtd4JEsSE5IkRy4dImLhWEKU?authuser=0&hl=en&rclk=1,,4.2,102
Barber Lounge,https://www.google.com/maps/place/Barber+Lounge/data=!4m7!3m6!1s0x89e4815bdd5bd53b:0xffa30a3ea3b933e4!8m2!3d42.1393406!4d-71.1030342!16s%2Fg%2F11lgwkjpn5!19sChIJO9Vb3VuB5IkR5DO5oz4Ko_8?authuser=0&hl=en&rclk=1,,5.0,41
D' Chovi Dominican Barber Shop,https://www.google.com/maps/place/D%27+Chovi+Dominican+Barber+Shop/data=!4m7!3m6!1s0x89e48526a5304d49:0xe9fc49032742f88a!8m2!3d42.0749305!4d-71.018884!16s%2Fg%2F1pt_gsfk4!19sChIJSU0wpSaF5IkRivhCJwNJ_Ok?authuser=0&hl=en&rclk=1,,4.5,94
June’s Cut The Shop,https://www.google.com/maps/place/June%E2%80%99s+Cut+The+Shop/data=!4m7!3m6!1s0x89e485e357ebd467:0x180f2b16f1dd2cdc!8m2!3d42.0716383!4d-71.0431695!16s%2Fg%2F11jjx7qrys!19sChIJZ9TrV-OF5IkR3Czd8RYrDxg?authuser=0&hl=en&rclk=1,,5.0,18
Majestic cuts salon,https://www.google.com/maps/place/Majestic+cuts+salon/data=!4m7!3m6!1s0x89e48549a2715ce5:0xbdb072f033a64035!8m2!3d42.0799433!4d-71.0023704!16s%2Fg%2F11s4f461gx!19sChIJ5VxxokmF5IkRNUCmM_BysL0?authuser=0&hl=en&rclk=1,,4.4,28
Whitman,https://www.google.com/maps/place/Whitman/data=!4m7!3m6!1s0x89e49b4368480909:0x1a92182df19ff754!8m2!3d42.0811554!4d-70.9373508!16s%2Fg%2F11j9cx52ys!19sChIJCQlIaEOb5IkRVPef8S0Ykho?authuser=0&hl=en&rclk=1,,4.5,93
Mario's Hair Salon,https://www.google.com/maps/place/Mario%27s+Hair+Salon/data=!4m7!3m6!1s0x89e48539fa062957:0x89163d1c91d7703f!8m2!3d42.0635894!4d-71.0148169!16s%2Fg%2F1xcbqn2d!19sChIJVykG-jmF5IkRP3DXkRw9Fok?authuser=0&hl=en&rclk=1,,4.5,104
The Kave Barber Lounge,https://www.google.com/maps/place/The+Kave+Barber+Lounge/data=!4m7!3m6!1s0x89e485fc54d23b7d:0x82219b862e567a78!8m2!3d42.0750054!4d-71.0214978!16s%2Fg%2F11mb10drbd!19sChIJfTvSVPyF5IkReHpWLoabIYI?authuser=0&hl=en&rclk=1,https://www.google.com/maps/reserve/m/yuC25Lp2_VM?source=pa&opi=79508299&hl=en-US&gei=Le64ZviIIemJptQPxf69mAw&sourceurl=http://www.google.com/service/MapsSearchService/Search?hl%3Den%26gl%3Dus%26authuser%3D0%26q%3Dbarbers%26tbm%3Dmap,5.0,7
Cutters Edge,https://www.google.com/maps/place/Cutters+Edge/data=!4m7!3m6!1s0x89e486a8d6fc621b:0x66191720bfa4b133!8m2!3d42.124038!4d-71.1025443!16s%2Fg%2F11bzzz7vgn!19sChIJG2L81qiG5IkRM7GkvyAXGWY?authuser=0&hl=en&rclk=1,,4.7,73
Fadeologyst 101 Barbershop,https://www.google.com/maps/place/Fadeologyst+101+Barbershop/data=!4m7!3m6!1s0x89e48557ce85397f:0x52165bc5d3740b78!8m2!3d42.0860328!4d-70.9939193!16s%2Fg%2F11mwzhpbjy!19sChIJfzmFzleF5IkReAt008VbFlI?authuser=0&hl=en&rclk=1,,5.0,2
Los domi barber shop,https://www.google.com/maps/place/Los+domi+barber+shop/data=!4m7!3m6!1s0x89e48542ebeda87b:0x7f982145bbfa034f!8m2!3d42.074117!4d-71.0192441!16s%2Fg%2F11kqbwzt_q!19sChIJe6jt60KF5IkRTwP6u0UhmH8?authuser=0&hl=en&rclk=1,,3.7,6
Shane's Master Barbering,https://www.google.com/maps/place/Shane%27s+Master+Barbering/data=!4m7!3m6!1s0x89e484df2ceca2fd:0x226a70d5564c8d91!8m2!3d42.0811582!4d-71.0200381!16s%2Fg%2F1260xlh9d!19sChIJ_aLsLN-E5IkRkY1MVtVwaiI?authuser=0&hl=en&rclk=1,,4.4,111
Multecorte Barber Shop,https://www.google.com/maps/place/Multecorte+Barber+Shop/data=!4m7!3m6!1s0x89e48526b9998ba9:0x489c25c33bbe1492!8m2!3d42.0751031!4d-71.0190513!16s%2Fg%2F11bzq47d0j!19sChIJqYuZuSaF5IkRkhS-O8MlnEg?authuser=0&hl=en&rclk=1,,4.9,20
John's Barbershop,https://www.google.com/maps/place/John%27s+Barbershop/data=!4m7!3m6!1s0x89e484dd916acae7:0xab874f8a9bf020ab!8m2!3d42.0864335!4d-71.0253698!16s%2Fg%2F1tkrmtnw!19sChIJ58pqkd2E5IkRqyDwm4pPh6s?authuser=0&hl=en&rclk=1,,4.6,34
Super Star Barber Shop,https://www.google.com/maps/place/Super+Star+Barber+Shop/data=!4m7!3m6!1s0x89e4853af8805403:0xc1a096685d9b4e97!8m2!3d42.0666843!4d-71.0168479!16s%2Fg%2F1260lzwk9!19sChIJA1SA-DqF5IkRl06bXWiWoME?authuser=0&hl=en&rclk=1,,4.0,5
Fernedes Goao’s Barbershop,https://www.google.com/maps/place/Fernedes+Goao%E2%80%99s+Barbershop/data=!4m7!3m6!1s0x89e48526b9f6d74d:0xa54607cc1b07230b!8m2!3d42.0751025!4d-71.0190625!16s%2Fg%2F1th5_v05!19sChIJTdf2uSaF5IkRCyMHG8wHRqU?authuser=0&hl=en&rclk=1,,3.7,3
Barber Shop-Brockton,https://www.google.com/maps/place/Barber+Shop-Brockton/data=!4m7!3m6!1s0x89e48539f240c349:0x96eb2467c497418d!8m2!3d42.0634069!4d-71.0148353!16s%2Fg%2F1tfpw8zf!19sChIJScNA8jmF5IkRjUGXxGck65Y?authuser=0&hl=en&rclk=1,,4.1,7
Bash the Barber,https://www.google.com/maps/place/Bash+the+Barber/data=!4m7!3m6!1s0x89e4854079b5b4ef:0x7dd148ef71583b6c!8m2!3d42.0811897!4d-71.020084!16s%2Fg%2F11vrt5y5bc!19sChIJ77S1eUCF5IkRbDtYce9I0X0?authuser=0&hl=en&rclk=1,,5.0,1
Ahearn Barber Co.,https://www.google.com/maps/place/Ahearn+Barber+Co./data=!4m7!3m6!1s0x89e4855faca9f3af:0x85595292d37e96f5!8m2!3d42.053363!4d-71.0748011!16s%2Fg%2F11txrv13t9!19sChIJr_OprF-F5IkR9ZZ-05JSWYU?authuser=0&hl=en&rclk=1,https://booksy.com/en-us/1256583_mike-ahearn-owner-of-ahearn-barber-co_barber-shop_22104_norton?hl=en-US&gei=NO64ZrCGNZinptQP5qv46Ao&rwg_token=AJKvS9V3KeUnMBzF8dhEy2jYsaBq7VX69wl9L6SDWI39-2WE1xECGoDxjzDgzncp8NvDDu4JRHRn9GBCHl1FogzNI0Ks6moqfA%3D%3D,4.8,25
Chick's Mens Hair Styling Wayne Lajoie,https://www.google.com/maps/place/Chick%27s+Mens+Hair+Styling+Wayne+Lajoie/data=!4m7!3m6!1s0x89e484545b31a497:0x63bbc9559a47a784!8m2!3d42.0879096!4d-71.0538453!16s%2Fg%2F1tfqgtyc!19sChIJl6QxW1SE5IkRhKdHmlXJu2M?authuser=0&hl=en&rclk=1,,4.8,58
Bob's Barber Shop,https://www.google.com/maps/place/Bob%27s+Barber+Shop/data=!4m7!3m6!1s0x89e4854f2e0f6ea5:0x6d3a30a0d31da0b8!8m2!3d42.0533237!4d-71.0120858!16s%2Fg%2F1tfyflj0!19sChIJpW4PLk-F5IkRuKAd06AwOm0?authuser=0&hl=en&rclk=1,,5.0,6
Joseph's Barber Shop,https://www.google.com/maps/place/Joseph%27s+Barber+Shop/data=!4m7!3m6!1s0x89e4854f2e0f6ea5:0x653ade2cad9d08ea!8m2!3d42.0533237!4d-71.0120858!16s%2Fg%2F1tgn5ry0!19sChIJpW4PLk-F5IkR6gidrSzeOmU?authuser=0&hl=en&rclk=1,,4.4,7
A+ Barber Salon,https://www.google.com/maps/place/A%2B+Barber+Salon/data=!4m7!3m6!1s0x89e49b2511afb63b:0x27772e30826da7b8!8m2!3d42.0821038!4d-70.9888482!16s%2Fg%2F1tzvxl8z!19sChIJO7avESWb5IkRuKdtgjAudyc?authuser=0&hl=en&rclk=1,,4.7,80
Yosef Barber Shop,https://www.google.com/maps/place/Yosef+Barber+Shop/data=!4m7!3m6!1s0x89e485005cbea341:0xbbdcae84028e870c!8m2!3d42.0663533!4d-71.0202525!16s%2Fg%2F11lds9t8lr!19sChIJQaO-XACF5IkRDIeOAoSu3Ls?authuser=0&hl=en&rclk=1,,,
Adalstyle Barbershop,https://www.google.com/maps/place/Adalstyle+Barbershop/data=!4m7!3m6!1s0x89e485ef237230f7:0xdeea76ac4097442!8m2!3d42.0883255!4d-71.0950698!16s%2Fg%2F11vy5wcc7z!19sChIJ9zByI--F5IkRQnQJxGqn7g0?authuser=0&hl=en&rclk=1,https://booksy.com/en-us/69515_adalstyle-barbershop_barber-shop_22352_sharon?hl=en-US&gei=NO64ZrCGNZinptQP5qv46Ao,5.0,16
Alves Camilo International Barber Shop,https://www.google.com/maps/place/Alves+Camilo+International+Barber+Shop/data=!4m7!3m6!1s0x89e48520849d7739:0x4b12cc3355c30258!8m2!3d42.0789947!4d-71.0225143!16s%2Fg%2F1hc694m9r!19sChIJOXedhCCF5IkRWALDVTPMEks?authuser=0&hl=en&rclk=1,,4.5,4
Jean's Barber Shop,https://www.google.com/maps/place/Jean%27s+Barber+Shop/data=!4m7!3m6!1s0x89e484bf52a10d8f:0x5248fcc388e078ca!8m2!3d42.0985319!4d-71.0203968!16s%2Fg%2F1tfdfh13!19sChIJjw2hUr-E5IkRynjgiMP8SFI?authuser=0&hl=en&rclk=1,,4.5,4
Tri-Towne Barbers,https://www.google.com/maps/place/Tri-Towne+Barbers/data=!4m7!3m6!1s0x89e49bb06d76d437:0xa513cb336849a7d5!8m2!3d42.0430326!4d-70.9871456!16s%2Fg%2F11k4s5lvqg!19sChIJN9R2bbCb5IkR1adJaDPLE6U?authuser=0&hl=en&rclk=1,https://www.schedulicity.com/scheduling/TBWP2L6?hl=en-US&gei=NO64ZrCGNZinptQP5qv46Ao&rwg_token=AJKvS9WkRDqWxxl0pkrEsPP_LsgFoSI1eKphzmZdw9BXOmzc_oK7Oco6QW9rRUrYUP8jxENk0ahZnLXP-i4gU6V1nknp1SfRYg%3D%3D,4.9,114
Barber Lounge,https://www.google.com/maps/place/Barber+Lounge/data=!4m7!3m6!1s0x89e4815bdd5bd53b:0xffa30a3ea3b933e4!8m2!3d42.1393406!4d-71.1030342!16s%2Fg%2F11lgwkjpn5!19sChIJO9Vb3VuB5IkR5DO5oz4Ko_8?authuser=0&hl=en&rclk=1,,5.0,41
Element Barbershop,https://www.google.com/maps/place/Element+Barbershop/data=!4m7!3m6!1s0x89e485e1d9568013:0x7820591286fd8d17!8m2!3d42.0689686!4d-71.0870471!16s%2Fg%2F11g4ldmhm2!19sChIJE4BW2eGF5IkRF439hhJZIHg?authuser=0&hl=en&rclk=1,https://www.schedulicity.com/scheduling/JBPK58?hl=en-US&gei=Nu64ZoqlBMiIptQPv6-AkQY&rwg_token=AJKvS9WVXHaTMQ8Piqi0kcLtOn3coed1ajfILU-bUHBZQoOaj2yt_22lbk4eaD7Xvk2RxAAZjHeQAmuNVictNTt1bdDaPKfwXA%3D%3D,4.9,86
Whitman,https://www.google.com/maps/place/Whitman/data=!4m7!3m6!1s0x89e49b4368480909:0x1a92182df19ff754!8m2!3d42.0811554!4d-70.9373508!16s%2Fg%2F11j9cx52ys!19sChIJCQlIaEOb5IkRVPef8S0Ykho?authuser=0&hl=en&rclk=1,,4.5,93
Russell's Barber Shop,https://www.google.com/maps/place/Russell%27s+Barber+Shop/data=!4m7!3m6!1s0x89e49a81832efdc5:0x3a25d129e63f2543!8m2!3d42.0326326!4d-70.9598963!16s%2Fg%2F1v26n3r9!19sChIJxf0ug4Ga5IkRQyU_5inRJTo?authuser=0&hl=en&rclk=1,,4.8,27
Cutters Edge,https://www.google.com/maps/place/Cutters+Edge/data=!4m7!3m6!1s0x89e486a8d6fc621b:0x66191720bfa4b133!8m2!3d42.124038!4d-71.1025443!16s%2Fg%2F11bzzz7vgn!19sChIJG2L81qiG5IkRM7GkvyAXGWY?authuser=0&hl=en&rclk=1,,4.7,73
Aristides,https://www.google.com/maps/place/Aristides/data=!4m7!3m6!1s0x89e484beed7993f7:0x53bdee100989a109!8m2!3d42.101963!4d-71.0225078!16s%2Fg%2F1tfm2gq9!19sChIJ95N57b6E5IkRCaGJCRDuvVM?authuser=0&hl=en&rclk=1,,4.4,66
"FineLinez Barbershop Formerly Known As ""Hall of Fame Cuts""",https://www.google.com/maps/place/FineLinez+Barbershop+Formerly+Known+As+%22Hall+of+Fame+Cuts%22/data=!4m7!3m6!1s0x89e48f41dfd760c1:0x8dd509c478e67499!8m2!3d42.0345012!4d-71.0736002!16s%2Fg%2F1tfzc61y!19sChIJwWDX30GP5IkRmXTmeMQJ1Y0?authuser=0&hl=en&rclk=1,,4.5,158
At Ease Barber Lounge,https://www.google.com/maps/place/At+Ease+Barber+Lounge/data=!4m7!3m6!1s0x89e4873e390e2acb:0xd05339e78ae880c8!8m2!3d42.1251877!4d-71.1015177!16s%2Fg%2F11rv1np2dz!19sChIJyyoOOT6H5IkRyIDoiuc5U9A?authuser=0&hl=en&rclk=1,,5.0,40
Diamond BarberShop,https://www.google.com/maps/place/Diamond+BarberShop/data=!4m7!3m6!1s0x89e4835c0f4f9eeb:0x66be5b22be2d1b63!8m2!3d42.1635442!4d-71.0424235!16s%2Fg%2F11y5z72yc4!19sChIJ655PD1yD5IkRYxstviJbvmY?authuser=0&hl=en&rclk=1,https://booksy.com/en-us/1246367_diamond-barbershop_barber-shop_22351_randolph?hl=en-US&gei=Nu64ZoqlBMiIptQPv6-AkQY&rwg_token=AJKvS9U1_Bknkmsyd_gJj378HB6ivrYWWpgZOccCxKv0L1nV3XclV39uds9sRPG06wEeXTdkbOIlTR5MK5VJfI7nSIuOWRVMsw%3D%3D,5.0,3
Willy's Aguadilla Barber Shop,https://www.google.com/maps/place/Willy%27s+Aguadilla+Barber+Shop/data=!4m7!3m6!1s0x89e485c0ae759841:0x3b12035861b96e80!8m2!3d42.0796648!4d-71.0199259!16s%2Fg%2F11rs017m7h!19sChIJQZh1rsCF5IkRgG65YVgDEjs?authuser=0&hl=en&rclk=1,,,
Walter's Barber Shop,https://www.google.com/maps/place/Walter%27s+Barber+Shop/data=!4m7!3m6!1s0x89e48608ce51f6a5:0x4a8b4aaa697b3479!8m2!3d42.0660503!4d-71.1027905!16s%2Fg%2F1vq9n90b!19sChIJpfZRzgiG5IkReTR7aapKi0o?authuser=0&hl=en&rclk=1,,4.5,85
CLEAN CUT Barbershop,https://www.google.com/maps/place/CLEAN+CUT+Barbershop/data=!4m7!3m6!1s0x89e48fc77d2fea63:0x6c52ffb88b2fb92!8m2!3d42.0163205!4d-71.025952!16s%2Fg%2F11fzfd__jv!19sChIJY-ovfceP5IkRkvuyiPsvxQY?authuser=0&hl=en&rclk=1,,4.6,36
Dennis' Barber Shop,https://www.google.com/maps/place/Dennis%27+Barber+Shop/data=!4m7!3m6!1s0x89e48f1dd9dd9985:0x9b77184f9d541f38!8m2!3d42.0125486!4d-71.0673473!16s%2Fg%2F11bc95_kr9!19sChIJhZnd2R2P5IkROB9UnU8Yd5s?authuser=0&hl=en&rclk=1,,4.9,48
Revolution Barbers,https://www.google.com/maps/place/Revolution+Barbers/data=!4m7!3m6!1s0x89e363867fd59cef:0x90fdacc25458614c!8m2!3d42.2183154!4d-70.967249!16s%2Fg%2F11l26qnbyd!19sChIJ75zVf4Zj44kRTGFYVMKs_ZA?authuser=0&hl=en&rclk=1,https://booksy.com/en-us/1150431_revolution-barbers_barber-shop_114555_braintree-town?hl=en-US&gei=Nu64ZoqlBMiIptQPv6-AkQY&rwg_token=AJKvS9V5eDD4QIxEBPq6CXQPZNw5yJfi4SokIpji2FN0Wo8ER_QjfTDGevajR3WhVZvGWuShbg3CPx27pGUCCLD1-GWtP-ZIAg%3D%3D,5.0,25
Sammy K Barber Shop,https://www.google.com/maps/place/Sammy+K+Barber+Shop/data=!4m7!3m6!1s0x89e4834a5dc4d6d3:0x5fb9548e6d0aa81!8m2!3d42.1326339!4d-71.040212!16s%2Fg%2F11hjbh265j!19sChIJ09bEXUqD5IkRgarQ5kiV-wU?authuser=0&hl=en&rclk=1,,5.0,14
Bay State Barbershop,https://www.google.com/maps/place/Bay+State+Barbershop/data=!4m7!3m6!1s0x89e47fecb5019287:0x108cb76cfafaaa3!8m2!3d42.1779088!4d-71.2063503!16s%2Fg%2F11fm79h9_1!19sChIJh5IBtex_5IkRo6qvz3bLCAE?authuser=0&hl=en&rclk=1,https://booksy.com/en-us/899064_bay-state-barbershop_barber-shop_22348_norwood?hl=en-US&gei=Nu64ZoqlBMiIptQPv6-AkQY&rwg_token=AJKvS9UpiDDmaEF09PlG7_GNrNTVxXQNTS26VQzoBTGhh4lzWGZei_DSgHCh56GwnqQCWNcpuqj5huM4PU_S74muvTdyu2K8Lg%3D%3D,4.8,263
The Barber Shop,https://www.google.com/maps/place/The+Barber+Shop/data=!4m7!3m6!1s0x89e48fb99fc43685:0xcb11643845a0d5e3!8m2!3d42.0167646!4d-71.0319013!16s%2Fg%2F1tgnn2s4!19sChIJhTbEn7mP5IkR49WgRThkEcs?authuser=0&hl=en&rclk=1,https://www.schedulicity.com/scheduling/TBHHUN?hl=en-US&gei=Nu64ZoqlBMiIptQPv6-AkQY&rwg_token=AJKvS9UVoM-KSTyeLJQc3qBcaZbpezenopT_4F8tw9VUM13It4EkhHVe7-iaKP2iR6HRMDMaA9CgiAXh4AgRxTx_vLeK5F-LiQ%3D%3D,4.7,161
Sperança Unisex Salon,https://www.google.com/maps/place/Speran%C3%A7a+Unisex+Salon/data=!4m7!3m6!1s0x89e48b65d5a5ecad:0x774cd4b6e63b7682!8m2!3d41.9224019!4d-71.0979901!16s%2Fg%2F11s5p8ts9t!19sChIJreyl1WWL5IkRgnY75rbUTHc?authuser=0&hl=en&rclk=1,,4.9,44
195 South Barbershop,https://www.google.com/maps/place/195+South+Barbershop/data=!4m7!3m6!1s0x89e49103c3d9d32f:0x9755795ad0afeb4b!8m2!3d42.0115371!4d-70.9437705!16s%2Fg%2F11h37tmwzv!19sChIJL9PZwwOR5IkRS-uv0Fp5VZc?authuser=0&hl=en&rclk=1,https://app.acuityscheduling.com/schedule.php?owner=15129830&hl=en-US&gei=Nu64ZoqlBMiIptQPv6-AkQY,5.0,42
Chatees Barbershop,https://www.google.com/maps/place/Chatees+Barbershop/data=!4m7!3m6!1s0x89e4814db5595a99:0xfced9afc9c9297bd!8m2!3d42.1361408!4d-71.1120663!16s%2Fg%2F1v9t_y9b!19sChIJmVpZtU2B5IkRvZeSnPya7fw?authuser=0&hl=en&rclk=1,https://www.vagaro.com/googlemap/U2FsdGVkX18~hbMSThf4g~HhjFdBiyKRjl2HkViw658=/services?hl=en-US&gei=Nu64ZoqlBMiIptQPv6-AkQY&rwg_token=AJKvS9UE7to5QMnBDHPTsCbG_inh3d-U3zIL-chRKwQJuJCjavkoZSAyaryydjsWpMjZZQOGA0glezETHRkKWh9HhAW2ZKH8Ow%3D%3D,4.8,66
Billys barbershop 2,https://www.google.com/maps/place/Billys+barbershop+2/data=!4m7!3m6!1s0x89e481cc09ddba3f:0x9d41f1c4a6fb884!8m2!3d42.13269!4d-71.1011701!16s%2Fg%2F11swvg5gyw!19sChIJP7rdCcyB5IkRhLhvShwf1Ak?authuser=0&hl=en&rclk=1,,5.0,19
Distinguished Barber Co.,https://www.google.com/maps/place/Distinguished+Barber+Co./data=!4m7!3m6!1s0x89e49daa7c300001:0x8db6d48f967abbc9!8m2!3d42.1466455!4d-70.9544383!16s%2Fg%2F11gfnzc0s3!19sChIJAQAwfKqd5IkRybt6lo_Uto0?authuser=0&hl=en&rclk=1,https://distinguished-barber-co.square.site/?hl=en-US&gei=N-64ZpG7NOqGptQPoPCDgAo,4.7,118
Dave & Vinny's Barber Shop,https://www.google.com/maps/place/Dave+%26+Vinny%27s+Barber+Shop/data=!4m7!3m6!1s0x89e486ab75d7543d:0x93a5abdbd906de98!8m2!3d42.1289237!4d-71.1021143!16s%2Fg%2F1tgmx92t!19sChIJPVTXdauG5IkRmN4G2durpZM?authuser=0&hl=en&rclk=1,,4.6,89
Ricks Barbershop,https://www.google.com/maps/place/Ricks+Barbershop/data=!4m7!3m6!1s0x89e49dc40899a01f:0x94cd00e68e3dbf2e!8m2!3d42.1282506!4d-70.942194!16s%2Fg%2F11nmpk5jlp!19sChIJH6CZCMSd5IkRLr89juYAzZQ?authuser=0&hl=en&rclk=1,https://ricks-barbershop.square.site/?hl=en-US&gei=N-64ZpG7NOqGptQPoPCDgAo,4.9,48
J's Barbershop,https://www.google.com/maps/place/J%27s+Barbershop/data=!4m7!3m6!1s0x89e49d3a8a1651a7:0x4e7389bed96517a6!8m2!3d42.1293219!4d-70.9489548!16s%2Fg%2F11k03x91xn!19sChIJp1EWijqd5IkRphdl2b6Jc04?authuser=0&hl=en&rclk=1,,4.9,61
Champions Barbershop,https://www.google.com/maps/place/Champions+Barbershop/data=!4m7!3m6!1s0x89e4917acffbcaa3:0x20e776230522981c!8m2!3d41.9927792!4d-70.970678!16s%2Fg%2F11g07_1_39!19sChIJo8r7z3qR5IkRHJgiBSN25yA?authuser=0&hl=en&rclk=1,https://www.google.com/maps/reserve/m/QDP1hCmybck?source=pa&opi=79508299&hl=en-US&gei=N-64ZpG7NOqGptQPoPCDgAo&sourceurl=https://www.google.com/search?tbm%3Dmap%26authuser%3D0%26hl%3Den%26gl%3Dus%26pb%3D!4m12!1m3!1d23693.679243203987!2d-71.0344704!3d42.0708352!2m3!1f0!2f0!3f0!3m2!1i1024!2i768!4f13.1!7i20!8i60!10b1!12m37!1m2!18b1!30b1!2m3!5m1!6e2!20e3!6m17!4b1!49b1!63m0!66b1!73m0!74i150000!75b1!85b1!89b1!91b1!110m0!114b1!149b1!166f1.35!183m0!196b1!201b1!10b1!12b1!13b1!14b1!16b1!17m1!3e1!20m3!5e2!6b1!14b1!94b1!19m4!2m3!1i360!2i120!4i8!20m57!2m2!1i203!2i100!3m2!2i4!5b1!6m6!1m2!1i86!2i86!1m2!1i408!2i240!7m42!1m3!1e1!2b0!3e3!1m3!1e2!2b1!3e2!1m3!1e2!2b0!3e3!1m3!1e8!2b0!3e3!1m3!1e10!2b0!3e3!1m3!1e10!2b1!3e2!1m3!1e9!2b1!3e2!1m3!1e10!2b0!3e3!1m3!1e10!2b1!3e2!1m3!1e10!2b0!3e4!2b1!4b1!9b0!22m2!1sLe64ZpO0HumJptQPxf69mAw!7e81!24m98!1m28!13m9!2b1!3b1!4b1!6i1!8b1!9b1!14b1!20b1!25b1!18m17!3b1!4b1!5b1!6b1!13b1!14b1!17b1!21b1!22b1!25b1!27m1!1b0!28b0!31b0!32b0!33m1!1b0!5m5!2b1!5b1!6b1!7b1!10b1!10m1!8e3!11m1!3e1!14m1!3b1!17b1!20m2!1e3!1e6!24b1!25b1!26b1!29b1!30m1!2b1!36b1!39m3!2m2!2i1!3i1!43b1!52b1!54m1!1b1!55b1!56m1!1b1!65m5!3m4!1m3!1m2!1i224!2i298!71b1!72m19!1m5!1b1!2b1!3b1!5b1!7b1!4b1!8m10!1m6!4m1!1e1!4m1!1e3!4m1!1e4!3sother_user_reviews!6m1!1e1!9b1!89b1!103b1!113b1!117b1!122m1!1b1!125b0!126b1!26m4!2m3!1i80!2i92!4i8!30m28!1m6!1m2!1i0!2i0!2m2!1i530!2i768!1m6!1m2!1i974!2i0!2m2!1i1024!2i768!1m6!1m2!1i0!2i0!2m2!1i1024!2i20!1m6!1m2!1i0!2i748!2m2!1i1024!2i768!34m19!2b1!3b1!4b1!6b1!7b1!8m6!1b1!3b1!4b1!5b1!6b1!7b1!9b1!12b1!14b1!20b1!23b1!25b1!26b1!37m1!1e81!42b1!46m1!1e1!47m0!49m9!3b1!6m2!1b1!2b1!7m2!1e3!2b1!8b1!9b1!50m25!1m21!2m7!1u3!4sOpen%2Bnow!5e1!9s0ahUKEwiKmMKGte2HAxVIhIkEHb8XIGIQ_KkBCJwHKBc!10m2!3m1!1e1!2m7!1u2!4sTop%2Brated!5e1!9s0ahUKEwiKmMKGte2HAxVIhIkEHb8XIGIQ_KkBCJ0HKBg!10m2!2m1!1e1!3m1!1u3!3m1!1u2!4BIAE!2e2!3m1!3b1!59BQ2dBd0Fn!61b1!67m3!7b1!10b1!14b0!69i701%26q%3Dbarbers%26ech%3D3%26psi%3DLe64ZpO0HumJptQPxf69mAw.1723395630757.1,4.6,100
The Barber Shoppe,https://www.google.com/maps/place/The+Barber+Shoppe/data=!4m7!3m6!1s0x89e49be98daf90cb:0x1d960cef814354c4!8m2!3d42.0831725!4d-70.9244493!16s%2Fg%2F1tlgyzn6!19sChIJy5Cvjemb5IkRxFRDge8Mlh0?authuser=0&hl=en&rclk=1,,4.8,36
Roy’s Barbershop,https://www.google.com/maps/place/Roy%E2%80%99s+Barbershop/data=!4m7!3m6!1s0x89e483fc81a57de7:0x9a4a04053cd4c489!8m2!3d42.1321857!4d-71.0404138!16s%2Fg%2F11k3t2lvnb!19sChIJ532lgfyD5IkRicTUPAUESpo?authuser=0&hl=en&rclk=1,,4.8,5
At Ease Barber Shop,https://www.google.com/maps/place/At+Ease+Barber+Shop/data=!4m7!3m6!1s0x89e363348ed9aec3:0x7f6bc1e1e9fd44c7!8m2!3d42.2431782!4d-70.9995502!16s%2Fg%2F11fy2qcc62!19sChIJw67ZjjRj44kRx0T96eHBa38?authuser=0&hl=en&rclk=1,,4.8,138
Bostonian Barber Shop,https://www.google.com/maps/place/Bostonian+Barber+Shop/data=!4m7!3m6!1s0x89e49bbf6cc72bd3:0xa26214b12c0dd7b!8m2!3d42.0832673!4d-70.9230795!16s%2Fg%2F11bbx00m5c!19sChIJ0yvHbL-b5IkRe93AEkshJgo?authuser=0&hl=en&rclk=1,https://www.google.com/maps/reserve/m/TDcMPqlV0Q0?source=pa&opi=79508299&hl=en-US&gei=N-64ZpG7NOqGptQPoPCDgAo&sourceurl=https://www.google.com/search?tbm%3Dmap%26authuser%3D0%26hl%3Den%26gl%3Dus%26pb%3D!4m12!1m3!1d23693.679243203987!2d-71.0344704!3d42.0708352!2m3!1f0!2f0!3f0!3m2!1i1024!2i768!4f13.1!7i20!8i60!10b1!12m37!1m2!18b1!30b1!2m3!5m1!6e2!20e3!6m17!4b1!49b1!63m0!66b1!73m0!74i150000!75b1!85b1!89b1!91b1!110m0!114b1!149b1!166f1.35!183m0!196b1!201b1!10b1!12b1!13b1!14b1!16b1!17m1!3e1!20m3!5e2!6b1!14b1!94b1!19m4!2m3!1i360!2i120!4i8!20m57!2m2!1i203!2i100!3m2!2i4!5b1!6m6!1m2!1i86!2i86!1m2!1i408!2i240!7m42!1m3!1e1!2b0!3e3!1m3!1e2!2b1!3e2!1m3!1e2!2b0!3e3!1m3!1e8!2b0!3e3!1m3!1e10!2b0!3e3!1m3!1e10!2b1!3e2!1m3!1e9!2b1!3e2!1m3!1e10!2b0!3e3!1m3!1e10!2b1!3e2!1m3!1e10!2b0!3e4!2b1!4b1!9b0!22m2!1sLe64ZpO0HumJptQPxf69mAw!7e81!24m98!1m28!13m9!2b1!3b1!4b1!6i1!8b1!9b1!14b1!20b1!25b1!18m17!3b1!4b1!5b1!6b1!13b1!14b1!17b1!21b1!22b1!25b1!27m1!1b0!28b0!31b0!32b0!33m1!1b0!5m5!2b1!5b1!6b1!7b1!10b1!10m1!8e3!11m1!3e1!14m1!3b1!17b1!20m2!1e3!1e6!24b1!25b1!26b1!29b1!30m1!2b1!36b1!39m3!2m2!2i1!3i1!43b1!52b1!54m1!1b1!55b1!56m1!1b1!65m5!3m4!1m3!1m2!1i224!2i298!71b1!72m19!1m5!1b1!2b1!3b1!5b1!7b1!4b1!8m10!1m6!4m1!1e1!4m1!1e3!4m1!1e4!3sother_user_reviews!6m1!1e1!9b1!89b1!103b1!113b1!117b1!122m1!1b1!125b0!126b1!26m4!2m3!1i80!2i92!4i8!30m28!1m6!1m2!1i0!2i0!2m2!1i530!2i768!1m6!1m2!1i974!2i0!2m2!1i1024!2i768!1m6!1m2!1i0!2i0!2m2!1i1024!2i20!1m6!1m2!1i0!2i748!2m2!1i1024!2i768!34m19!2b1!3b1!4b1!6b1!7b1!8m6!1b1!3b1!4b1!5b1!6b1!7b1!9b1!12b1!14b1!20b1!23b1!25b1!26b1!37m1!1e81!42b1!46m1!1e1!47m0!49m9!3b1!6m2!1b1!2b1!7m2!1e3!2b1!8b1!9b1!50m25!1m21!2m7!1u3!4sOpen%2Bnow!5e1!9s0ahUKEwiKmMKGte2HAxVIhIkEHb8XIGIQ_KkBCJwHKBc!10m2!3m1!1e1!2m7!1u2!4sTop%2Brated!5e1!9s0ahUKEwiKmMKGte2HAxVIhIkEHb8XIGIQ_KkBCJ0HKBg!10m2!2m1!1e1!3m1!1u3!3m1!1u2!4BIAE!2e2!3m1!3b1!59BQ2dBd0Fn!61b1!67m3!7b1!10b1!14b0!69i701%26q%3Dbarbers%26ech%3D3%26psi%3DLe64ZpO0HumJptQPxf69mAw.1723395630757.1,4.7,312
Danilo barbershop,https://www.google.com/maps/place/Danilo+barbershop/data=!4m7!3m6!1s0x89e37db478829ff3:0xf6d6431a5fc5ec4!8m2!3d42.2422971!4d-71.0037866!16s%2Fg%2F11v5j9pn68!19sChIJ85-CeLR944kRxF78pTFkbQ8?authuser=0&hl=en&rclk=1,https://booksy.com/en-us/1022415_danilo-barbershop-llc_barber-shop_22350_quincy?hl=en-US&gei=N-64ZpG7NOqGptQPoPCDgAo&rwg_token=AJKvS9XWVQUvN5NnwMLtp3oEPfMQuKXhd4kC-lL3WIzyCUni9_eigRW6kwcUkMwgptyae-vnJYF-wugutnQbfSBPCTV8tLth5Q%3D%3D,5.0,8
Yankee Clipper Barbershop,https://www.google.com/maps/place/Yankee+Clipper+Barbershop/data=!4m7!3m6!1s0x89e491b4575647d1:0x8d8e02a5fba91c1f!8m2!3d41.9920654!4d-70.974495!16s%2Fg%2F1tcxw7sl!19sChIJ0UdWV7SR5IkRHxyp-6UCjo0?authuser=0&hl=en&rclk=1,,4.5,63
Canton Barber Shop,https://www.google.com/maps/place/Canton+Barber+Shop/data=!4m7!3m6!1s0x89e48129bfba8bf7:0x3a5ab727c81d7a7d!8m2!3d42.152284!4d-71.1484838!16s%2Fg%2F11y6ptx4pb!19sChIJ94u6vymB5IkRfXodyCe3Wjo?authuser=0&hl=en&rclk=1,,5.0,19
Nene's Barber Shop,https://www.google.com/maps/place/Nene%27s+Barber+Shop/data=!4m7!3m6!1s0x89e48798aa99e865:0x5e2394c84bfd83df!8m2!3d42.1316975!4d-71.1313293!16s%2Fg%2F11j1chyw_l!19sChIJZeiZqpiH5IkR34P9S8iUI14?authuser=0&hl=en&rclk=1,,4.9,110
Exclusive Barber Shop,https://www.google.com/maps/place/Exclusive+Barber+Shop/data=!4m7!3m6!1s0x89e47fd0feb03a41:0xda36740fa2fefe7d!8m2!3d42.1936208!4d-71.2009706!16s%2Fg%2F11ddwv5d6h!19sChIJQTqw_tB_5IkRff7-og90Nto?authuser=0&hl=en&rclk=1,,4.5,107
Barber Zone Two,https://www.google.com/maps/place/Barber+Zone+Two/data=!4m7!3m6!1s0x89e4625d479122bd:0xbe41d96ffd295f2!8m2!3d42.0272432!4d-71.2176304!16s%2Fg%2F1261l7vwm!19sChIJvSKRR11i5IkR8pXS_5Yd5As?authuser=0&hl=en&rclk=1,,3.4,5
Market9 Weymouth Barber Shop,https://www.google.com/maps/place/Market9+Weymouth+Barber+Shop/data=!4m7!3m6!1s0x89e363f0e0a6ff1b:0xaf706ba2cb0f9cb6!8m2!3d42.2431861!4d-70.9496477!16s%2Fg%2F11jpb0nc1h!19sChIJG_-m4PBj44kRtpwPy6JrcK8?authuser=0&hl=en&rclk=1,,5.0,66
International Barbershop,https://www.google.com/maps/place/International+Barbershop/data=!4m7!3m6!1s0x89e37f08dad0a269:0xcc0f536cd0af48a7!8m2!3d42.2593238!4d-71.1589856!16s%2Fg%2F1hg50ym_8!19sChIJaaLQ2gh_44kRp0iv0GxTD8w?authuser=0&hl=en&rclk=1,,4.4,119
Sharps Barber Shop,https://www.google.com/maps/place/Sharps+Barber+Shop/data=!4m7!3m6!1s0x89e37ef3a7e66e71:0xf282ded8d325e997!8m2!3d42.256061!4d-71.124242!16s%2Fg%2F1v3_3pxw!19sChIJcW7mp_N-44kRl-kl09jegvI?authuser=0&hl=en&rclk=1,https://squareup.com/appointments/book/d6f27f9e-2d93-4495-b322-a23328722d22/7CCTKW2XWDZAD/start?hl=en-US&gei=N-64ZpG7NOqGptQPoPCDgAo&rwg_token=AJKvS9XCVVglW90QxBZaS0XPyBgvufjElbhxdlurYPWSzNw7H8OFta-wEDn6_RIx3YDMPCjyjF3A3RlW5ai-B_oqXoOQ-LBubA%3D%3D,4.7,164
Lawson Barbershop Beauty,https://www.google.com/maps/place/Lawson+Barbershop+Beauty/data=!4m7!3m6!1s0x89e37c1ce4d888df:0x1f766774830d19c7!8m2!3d42.2711069!4d-71.0939007!16s%2Fg%2F1tv3ppvr!19sChIJ34jY5Bx844kRxxkNg3Rndh8?authuser=0&hl=en&rclk=1,,4.7,45
Sharp Barber Lounge,https://www.google.com/maps/place/Sharp+Barber+Lounge/data=!4m7!3m6!1s0x89e48d22bd812363:0xbc4be1395ab229c6!8m2!3d41.9376829!4d-71.0810167!16s%2Fg%2F11khzqbwdr!19sChIJYyOBvSKN5IkRximyWjnhS7w?authuser=0&hl=en&rclk=1,,5.0,113
Barber Shop At Cobb Corner,https://www.google.com/maps/place/Barber+Shop+At+Cobb+Corner/data=!4m7!3m6!1s0x89e4872ae1114cc5:0x95b3d3b4a790edf8!8m2!3d42.1382538!4d-71.1478955!16s%2Fg%2F1tgh3_hx!19sChIJxUwR4SqH5IkR-O2Qp7TTs5U?authuser=0&hl=en&rclk=1,,4.8,51
Conrad’s Barber Shop,https://www.google.com/maps/place/Conrad%E2%80%99s+Barber+Shop/data=!4m7!3m6!1s0x89e4f4a9814045c9:0x2bad5e20fd1e51c3!8m2!3d41.9014742!4d-71.0916997!16s%2Fg%2F1thssdl0!19sChIJyUVAgan05IkRw1Ee_SBerSs?authuser=0&hl=en&rclk=1,https://conradsbarbershop.setmore.com/?hl=en-US&gei=Oe64ZoSFEbWtptQP_sGW-QM,4.9,79
TOP CLASS CUTS BARBERSHOP,https://www.google.com/maps/place/TOP+CLASS+CUTS+BARBERSHOP/data=!4m7!3m6!1s0x89e37b94978c3a19:0xc22dd01667e9d1e8!8m2!3d42.294098!4d-71.0721316!16s%2Fg%2F11cncyfw69!19sChIJGTqMl5R744kR6NHpZxbQLcI?authuser=0&hl=en&rclk=1,,4.7,100
South Weymouth Barber shop,https://www.google.com/maps/place/South+Weymouth+Barber+shop/data=!4m7!3m6!1s0x89e31331eddcf175:0xb950499294c72e62!8m2!3d42.1684128!4d-70.9579983!16s%2Fg%2F11qnjb3_m2!19sChIJdfHc7TET44kRYi7HlJJJULk?authuser=0&hl=en&rclk=1,,4.8,118
EVOLUTION BARBERSHOP,https://www.google.com/maps/place/EVOLUTION+BARBERSHOP/data=!4m7!3m6!1s0x89e4938e21868855:0x8e29b2f0bb95a9db!8m2!3d41.8926414!4d-70.9085847!16s%2Fg%2F11kn15kppg!19sChIJVYiGIY6T5IkR26mVu_CyKY4?authuser=0&hl=en&rclk=1,https://booksy.com/en-us/1244445_evolution-barbershop_barber-shop_22376_halifax?hl=en-US&gei=Oe64ZoSFEbWtptQP_sGW-QM&rwg_token=AJKvS9VVRj0q0_YOKV_Bh_D9CQie3P5cZePXz5ATOQCGSs8kgQnuuKi0Mij5il8IhQnJF5kIKoUszp_r2Etbie3OLKpmukKkfw%3D%3D,4.6,150
The Modern,https://www.google.com/maps/place/The+Modern/data=!4m7!3m6!1s0x89e4991a1256cf1d:0x2f1c181a890b63ba!8m2!3d42.0663664!4d-70.8723818!16s%2Fg%2F1tffqc5b!19sChIJHc9WEhqZ5IkRumMLiRoYHC8?authuser=0&hl=en&rclk=1,,4.8,69
Hair It Is Barbershop,https://www.google.com/maps/place/Hair+It+Is+Barbershop/data=!4m7!3m6!1s0x89e37bff2ccdc3f9:0x597026914bd55523!8m2!3d42.2838467!4d-71.0913754!16s%2Fg%2F11c6v8n892!19sChIJ-cPNLP9744kRI1XVS5EmcFk?authuser=0&hl=en&rclk=1,,4.7,76
Z Barbershop,https://www.google.com/maps/place/Z+Barbershop/data=!4m7!3m6!1s0x89e37ba65acd0e35:0xec901ee911528adf!8m2!3d42.3415866!4d-71.0802629!16s%2Fg%2F11fjs954d6!19sChIJNQ7NWqZ744kR34pSEekekOw?authuser=0&hl=en&rclk=1,https://booksy.com/en-us/162627_z-barbershop_barber-shop_22412_boston?hl=en-US&gei=Oe64ZoSFEbWtptQP_sGW-QM&rwg_token=AJKvS9VVUk8aKxgel4JnXr-u2SdFE3CJhiO7gxmQ9OeLoTV6ej24kHEFfb2k-LlblFLeiuTtdABZTsyW2tusjT9B7l2wTxy5Pg%3D%3D,4.8,481
Brothers Barber shop,https://www.google.com/maps/place/Brothers+Barber+shop/data=!4m7!3m6!1s0x89e37bb02873cea9:0x3fc293682e8b9db3!8m2!3d42.2919623!4d-71.0715396!16s%2Fg%2F11rcpt5jq8!19sChIJqc5zKLB744kRs52LLmiTwj8?authuser=0&hl=en&rclk=1,https://booksy.com/en-us/1272941_brothers-barbershop_barber-shop_22412_boston?hl=en-US&gei=Oe64ZoSFEbWtptQP_sGW-QM&rwg_token=AJKvS9VwKPH4jMfXBOrrISwY9EB5tNxWbmSexWF19NR9LSS7Tr_ZHyDM_NFlyxaEka_nBZHkHVuYXrDseVon14q6Mqwwe4EDAg%3D%3D,4.6,43
Russo's Barbershop,https://www.google.com/maps/place/Russo%27s+Barbershop/data=!4m7!3m6!1s0x89e497b1ad7eba0f:0xac92fa51d331b52f!8m2!3d41.9962615!4d-70.9004974!16s%2Fg%2F11jk0dfnzh!19sChIJD7p-rbGX5IkRL7Ux01H6kqw?authuser=0&hl=en&rclk=1,,5.0,47
Pedro Alto Estilo Barber Shop,https://www.google.com/maps/place/Pedro+Alto+Estilo+Barber+Shop/data=!4m7!3m6!1s0x89e37dce6ee94a8b:0xef0a80a2f19a1e67!8m2!3d42.2755224!4d-71.0937748!16s%2Fg%2F11fnszpq6z!19sChIJi0rpbs5944kRZx6a8aKACu8?authuser=0&hl=en&rclk=1,,4.6,68
Eliot barber shop,https://www.google.com/maps/place/Eliot+barber+shop/data=!4m7!3m6!1s0x89e37bba067b6cbb:0x13cf6c19f771d195!8m2!3d42.3060057!4d-71.0671309!16s%2Fg%2F11dfsw9zbk!19sChIJu2x7Brp744kRldFx9xlszxM?authuser=0&hl=en&rclk=1,,4.8,80
Cuba Estilo Barbershop,https://www.google.com/maps/place/Cuba+Estilo+Barbershop/data=!4m7!3m6!1s0x89e37bfdf5159875:0xfe15215081a610ce!8m2!3d42.3132655!4d-71.079552!16s%2Fg%2F11fmfg6pp2!19sChIJdZgV9f1744kRzhCmgVAhFf4?authuser=0&hl=en&rclk=1,,4.7,53
Craftsmen Barbershop Shave Parlor,https://www.google.com/maps/place/Craftsmen+Barbershop+Shave+Parlor/data=!4m7!3m6!1s0x89e463fade8f7e67:0x43c1a41f86f11e03!8m2!3d42.0307489!4d-71.219003!16s%2Fg%2F11sz3djp47!19sChIJZ36P3vpj5IkRAx7xhh-kwUM?authuser=0&hl=en&rclk=1,https://craftsmenbarbershop.setmore.com/?hl=en-US&gei=Oe64ZoSFEbWtptQP_sGW-QM,5.0,45
